Year,Sea Level
2000,7.062992119
2001,7.287401567
2002,7.381889756
2003,7.759842512
2004,7.740157472
2005,7.74409448
2006,7.917322827
2007,7.996062984
2008,8.350393692
2009,8.586614164
2010,8.901574794