Year,Sea Level
15/03/00,7.062992119
15/03/01,7.287401567
15/03/02,7.381889756
15/03/03,7.759842512
15/03/04,7.740157472
15/03/05,7.74409448
15/03/06,7.917322827
15/03/07,7.996062984
15/03/08,8.350393692
15/03/09,8.586614164
15/03/10,8.901574794